Experiment ID,Algorithm,Mean Validation Recall,Rank of hyperparameter set,C,gamma,kernel,accuracy,precision,recall,f1,balanced_accuracy,max_depth,min_samples_leaf,min_samples_split,n_estimators,colsample_bytree,learning_rate,scale_pos_weight,subsample
1,SVM (Min-Max),0.9242870500233755,8,0.1,scale,linear,,,,,,,,,,,,,
1,SVM (Min-Max),0.9328892005610099,2,0.1,scale,rbf,,,,,,,,,,,,,
1,SVM (Min-Max),0.9113136979897147,12,0.1,scale,poly,,,,,,,,,,,,,
1,SVM (Min-Max),0.9242870500233755,8,0.1,auto,linear,,,,,,,,,,,,,
1,SVM (Min-Max),0.9156147732585319,11,0.1,auto,rbf,,,,,,,,,,,,,
1,SVM (Min-Max),0.7341280972417017,18,0.1,auto,poly,,,,,,,,,,,,,
1,SVM (Min-Max),0.9286115007012622,5,1.0,scale,linear,,,,,,,,,,,,,
1,SVM (Min-Max),0.9199625993454885,10,1.0,scale,rbf,,,,,,,,,,,,,
1,SVM (Min-Max),0.8876110331930809,15,1.0,scale,poly,,,,,,,,,,,,,
1,SVM (Min-Max),0.9286115007012622,5,1.0,auto,linear,,,,,,,,,,,,,
1,SVM (Min-Max),0.9264609630668538,7,1.0,auto,rbf,,,,,,,,,,,,,
1,SVM (Min-Max),0.893969144460028,14,1.0,auto,poly,,,,,,,,,,,,,
1,SVM (Min-Max),0.9286348761103319,3,10.0,scale,linear,,,,,,,,,,,,,
1,SVM (Min-Max),0.8594904160822814,16,10.0,scale,rbf,,,,,,,,,,,,,
1,SVM (Min-Max),0.8292192613370734,17,10.0,scale,poly,,,,,,,,,,,,,
1,SVM (Min-Max),0.9286348761103319,3,10.0,auto,linear,,,,,,,,,,,,,
1,SVM (Min-Max),0.9350864890135577,1,10.0,auto,rbf,0.8906189178668743,0.9678114662739955,0.8906189178668743,0.9182495414571707,0.9201839826839826,,,,,,,,
1,SVM (Min-Max),0.9070126227208976,13,10.0,auto,poly,,,,,,,,,,,,,
2,SVM (StandardScaler),0.9264609630668537,5,0.1,scale,linear,,,,,,,,,,,,,
2,SVM (StandardScaler),0.9350864890135577,1,0.1,scale,rbf,0.8886726352666408,0.9676638155462126,0.8886726352666408,0.9169816207395581,0.9191693722943723,,,,,,,,
2,SVM (StandardScaler),0.8789387564282375,11,0.1,scale,poly,,,,,,,,,,,,,
2,SVM (StandardScaler),0.9264609630668537,5,0.1,auto,linear,,,,,,,,,,,,,
2,SVM (StandardScaler),0.9350864890135577,1,0.1,auto,rbf,0.8886726352666408,0.9676638155462126,0.8886726352666408,0.9169816207395581,0.9191693722943723,,,,,,,,
2,SVM (StandardScaler),0.8789387564282375,11,0.1,auto,poly,,,,,,,,,,,,,
2,SVM (StandardScaler),0.924310425432445,7,1.0,scale,linear,,,,,,,,,,,,,
2,SVM (StandardScaler),0.887540906965872,9,1.0,scale,rbf,,,,,,,,,,,,,
2,SVM (StandardScaler),0.842262739597943,13,1.0,scale,poly,,,,,,,,,,,,,
2,SVM (StandardScaler),0.924310425432445,7,1.0,auto,linear,,,,,,,,,,,,,
2,SVM (StandardScaler),0.887540906965872,9,1.0,auto,rbf,,,,,,,,,,,,,
2,SVM (StandardScaler),0.842262739597943,13,1.0,auto,poly,,,,,,,,,,,,,
2,SVM (StandardScaler),0.9264843384759234,3,10.0,scale,linear,,,,,,,,,,,,,
2,SVM (StandardScaler),0.772954651706405,15,10.0,scale,rbf,,,,,,,,,,,,,
2,SVM (StandardScaler),0.7644927536231885,17,10.0,scale,poly,,,,,,,,,,,,,
2,SVM (StandardScaler),0.9264843384759234,3,10.0,auto,linear,,,,,,,,,,,,,
2,SVM (StandardScaler),0.772954651706405,15,10.0,auto,rbf,,,,,,,,,,,,,
2,SVM (StandardScaler),0.7644927536231885,17,10.0,auto,poly,,,,,,,,,,,,,
3,Random Forest,0.38884992987377276,108,,,,,,,,,,1.0,2.0,100.0,,,,
3,Random Forest,0.38889668069191213,105,,,,,,,,,,1.0,2.0,200.0,,,,
3,Random Forest,0.38889668069191213,105,,,,,,,,,,1.0,2.0,500.0,,,,
3,Random Forest,0.4514258999532491,99,,,,,,,,,,1.0,5.0,100.0,,,,
3,Random Forest,0.45575035063113606,97,,,,,,,,,,1.0,5.0,200.0,,,,
3,Random Forest,0.4600748013090229,94,,,,,,,,,,1.0,5.0,500.0,,,,
3,Random Forest,0.5723001402524546,66,,,,,,,,,,1.0,10.0,100.0,,,,
3,Random Forest,0.56575502571295,69,,,,,,,,,,1.0,10.0,200.0,,,,
3,Random Forest,0.5571996259934549,72,,,,,,,,,,1.0,10.0,500.0,,,,
3,Random Forest,0.5183029453015429,87,,,,,,,,,,2.0,2.0,100.0,,,,
3,Random Forest,0.52260402057036,85,,,,,,,,,,2.0,2.0,200.0,,,,
3,Random Forest,0.5182561944834034,89,,,,,,,,,,2.0,2.0,500.0,,,,
3,Random Forest,0.5356708742402991,79,,,,,,,,,,2.0,5.0,100.0,,,,
3,Random Forest,0.533426834969612,81,,,,,,,,,,2.0,5.0,200.0,,,,
3,Random Forest,0.5442028985507246,74,,,,,,,,,,2.0,5.0,500.0,,,,
3,Random Forest,0.6219261337073398,56,,,,,,,,,,2.0,10.0,100.0,,,,
3,Random Forest,0.615474520804114,60,,,,,,,,,,2.0,10.0,200.0,,,,
3,Random Forest,0.6154511453950444,62,,,,,,,,,,2.0,10.0,500.0,,,,
3,Random Forest,0.6715521271622252,43,,,,,,,,,,4.0,2.0,100.0,,,,
3,Random Forest,0.6780972417017297,31,,,,,,,,,,4.0,2.0,200.0,,,,
3,Random Forest,0.6694249649368864,47,,,,,,,,,,4.0,2.0,500.0,,,,
3,Random Forest,0.6715521271622252,43,,,,,,,,,,4.0,5.0,100.0,,,,
3,Random Forest,0.6780972417017297,31,,,,,,,,,,4.0,5.0,200.0,,,,
3,Random Forest,0.6694249649368864,47,,,,,,,,,,4.0,5.0,500.0,,,,
3,Random Forest,0.6802010285179991,29,,,,,,,,,,4.0,10.0,100.0,,,,
3,Random Forest,0.6737260402057036,40,,,,,,,,,,4.0,10.0,200.0,,,,
3,Random Forest,0.67807386629266,35,,,,,,,,,,4.0,10.0,500.0,,,,
3,Random Forest,0.7169705469845722,24,,,,,,,,,10.0,1.0,2.0,100.0,,,,
3,Random Forest,0.7083450210378682,27,,,,,,,,,10.0,1.0,2.0,200.0,,,,
3,Random Forest,0.7147498831229548,26,,,,,,,,,10.0,1.0,2.0,500.0,,,,
3,Random Forest,0.7299205236091633,16,,,,,,,,,10.0,1.0,5.0,100.0,,,,
3,Random Forest,0.7255726975222068,19,,,,,,,,,10.0,1.0,5.0,200.0,,,,
3,Random Forest,0.7190977092099112,23,,,,,,,,,10.0,1.0,5.0,500.0,,,,
3,Random Forest,0.740696587190276,12,,,,,,,,,10.0,1.0,10.0,100.0,,,,
3,Random Forest,0.7385928003740065,15,,,,,,,,,10.0,1.0,10.0,200.0,,,,
3,Random Forest,0.747194950911641,7,,,,,,,,,10.0,1.0,10.0,500.0,,,,
3,Random Forest,0.7234455352968677,21,,,,,,,,,10.0,2.0,2.0,100.0,,,,
3,Random Forest,0.7212716222533894,22,,,,,,,,,10.0,2.0,2.0,200.0,,,,
3,Random Forest,0.714796633941094,25,,,,,,,,,10.0,2.0,2.0,500.0,,,,
3,Random Forest,0.7277699859747546,18,,,,,,,,,10.0,2.0,5.0,100.0,,,,
3,Random Forest,0.7298971482000935,17,,,,,,,,,10.0,2.0,5.0,200.0,,,,
3,Random Forest,0.7255726975222068,19,,,,,,,,,10.0,2.0,5.0,500.0,,,,
3,Random Forest,0.7493221131369798,5,,,,,,,,,10.0,2.0,10.0,100.0,,,,
3,Random Forest,0.7536933146330063,3,,,,,,,,,10.0,2.0,10.0,200.0,,,,
3,Random Forest,0.7493454885460495,4,,,,,,,,,10.0,2.0,10.0,500.0,,,,
3,Random Forest,0.7406732117812063,13,,,,,,,,,10.0,4.0,2.0,100.0,,,,
3,Random Forest,0.7450210378681629,8,,,,,,,,,10.0,4.0,2.0,200.0,,,,
3,Random Forest,0.7428705002337542,10,,,,,,,,,10.0,4.0,2.0,500.0,,,,
3,Random Forest,0.7406732117812063,13,,,,,,,,,10.0,4.0,5.0,100.0,,,,
3,Random Forest,0.7450210378681629,8,,,,,,,,,10.0,4.0,5.0,200.0,,,,
3,Random Forest,0.7428705002337542,10,,,,,,,,,10.0,4.0,5.0,500.0,,,,
3,Random Forest,0.7537166900420758,2,,,,,,,,,10.0,4.0,10.0,100.0,,,,
3,Random Forest,0.7472650771388499,6,,,,,,,,,10.0,4.0,10.0,200.0,,,,
3,Random Forest,0.7558672276764844,1,,,,0.9447255741533671,0.9673554166488152,0.9447255741533671,0.9530683680697383,0.8754464285714285,10.0,4.0,10.0,500.0,,,,
3,Random Forest,0.4255726975222066,100,,,,,,,,,20.0,1.0,2.0,100.0,,,,
3,Random Forest,0.42554932211313695,101,,,,,,,,,20.0,1.0,2.0,200.0,,,,
3,Random Forest,0.42124824684431966,102,,,,,,,,,20.0,1.0,2.0,500.0,,,,
3,Random Forest,0.4838709677419355,91,,,,,,,,,20.0,1.0,5.0,100.0,,,,
3,Random Forest,0.47734922861150075,93,,,,,,,,,20.0,1.0,5.0,200.0,,,,
3,Random Forest,0.4838008415147265,92,,,,,,,,,20.0,1.0,5.0,500.0,,,,
3,Random Forest,0.576647966339411,64,,,,,,,,,20.0,1.0,10.0,100.0,,,,
3,Random Forest,0.5657784011220196,68,,,,,,,,,20.0,1.0,10.0,200.0,,,,
3,Random Forest,0.574450677886863,65,,,,,,,,,20.0,1.0,10.0,500.0,,,,
3,Random Forest,0.533426834969612,81,,,,,,,,,20.0,2.0,2.0,100.0,,,,
3,Random Forest,0.5377279102384291,78,,,,,,,,,20.0,2.0,2.0,200.0,,,,
3,Random Forest,0.531229546517064,84,,,,,,,,,20.0,2.0,2.0,500.0,,,,
3,Random Forest,0.544249649368864,73,,,,,,,,,20.0,2.0,5.0,100.0,,,,
3,Random Forest,0.5377746610565685,77,,,,,,,,,20.0,2.0,5.0,200.0,,,,
3,Random Forest,0.5398784478728378,76,,,,,,,,,20.0,2.0,5.0,500.0,,,,
3,Random Forest,0.6219495091164096,55,,,,,,,,,20.0,2.0,10.0,100.0,,,,
3,Random Forest,0.6197989714820009,58,,,,,,,,,20.0,2.0,10.0,200.0,,,,
3,Random Forest,0.6197755960729312,59,,,,,,,,,20.0,2.0,10.0,500.0,,,,
3,Random Forest,0.6694015895278167,51,,,,,,,,,20.0,4.0,2.0,100.0,,,,
3,Random Forest,0.6737727910238428,38,,,,,,,,,20.0,4.0,2.0,200.0,,,,
3,Random Forest,0.6672744273024778,53,,,,,,,,,20.0,4.0,2.0,500.0,,,,
3,Random Forest,0.6694015895278167,51,,,,,,,,,20.0,4.0,5.0,100.0,,,,
3,Random Forest,0.6737727910238428,38,,,,,,,,,20.0,4.0,5.0,200.0,,,,
3,Random Forest,0.6672744273024778,53,,,,,,,,,20.0,4.0,5.0,500.0,,,,
3,Random Forest,0.6823749415614773,28,,,,,,,,,20.0,4.0,10.0,100.0,,,,
3,Random Forest,0.6737260402057036,40,,,,,,,,,20.0,4.0,10.0,200.0,,,,
3,Random Forest,0.67807386629266,35,,,,,,,,,20.0,4.0,10.0,500.0,,,,
3,Random Forest,0.39317438055165965,104,,,,,,,,,30.0,1.0,2.0,100.0,,,,
3,Random Forest,0.38889668069191213,105,,,,,,,,,30.0,1.0,2.0,200.0,,,,
3,Random Forest,0.39322113136979897,103,,,,,,,,,30.0,1.0,2.0,500.0,,,,
3,Random Forest,0.45575035063113606,97,,,,,,,,,30.0,1.0,5.0,100.0,,,,
3,Random Forest,0.46005142589995324,95,,,,,,,,,30.0,1.0,5.0,200.0,,,,
3,Random Forest,0.45792426367461425,96,,,,,,,,,30.0,1.0,5.0,500.0,,,,
3,Random Forest,0.5679756895745676,67,,,,,,,,,30.0,1.0,10.0,100.0,,,,
3,Random Forest,0.56575502571295,69,,,,,,,,,30.0,1.0,10.0,200.0,,,,
3,Random Forest,0.5593501636278634,71,,,,,,,,,30.0,1.0,10.0,500.0,,,,
3,Random Forest,0.5183029453015429,87,,,,,,,,,30.0,2.0,2.0,100.0,,,,
3,Random Forest,0.52260402057036,85,,,,,,,,,30.0,2.0,2.0,200.0,,,,
3,Random Forest,0.5182561944834034,89,,,,,,,,,30.0,2.0,2.0,500.0,,,,
3,Random Forest,0.5356708742402991,79,,,,,,,,,30.0,2.0,5.0,100.0,,,,
3,Random Forest,0.533426834969612,81,,,,,,,,,30.0,2.0,5.0,200.0,,,,
3,Random Forest,0.5420289855072464,75,,,,,,,,,30.0,2.0,5.0,500.0,,,,
3,Random Forest,0.6219261337073398,56,,,,,,,,,30.0,2.0,10.0,100.0,,,,
3,Random Forest,0.615474520804114,60,,,,,,,,,30.0,2.0,10.0,200.0,,,,
3,Random Forest,0.6154511453950444,62,,,,,,,,,30.0,2.0,10.0,500.0,,,,
3,Random Forest,0.6715521271622252,43,,,,,,,,,30.0,4.0,2.0,100.0,,,,
3,Random Forest,0.6780972417017297,31,,,,,,,,,30.0,4.0,2.0,200.0,,,,
3,Random Forest,0.6694249649368864,47,,,,,,,,,30.0,4.0,2.0,500.0,,,,
3,Random Forest,0.6715521271622252,43,,,,,,,,,30.0,4.0,5.0,100.0,,,,
3,Random Forest,0.6780972417017297,31,,,,,,,,,30.0,4.0,5.0,200.0,,,,
3,Random Forest,0.6694249649368864,47,,,,,,,,,30.0,4.0,5.0,500.0,,,,
3,Random Forest,0.6802010285179991,29,,,,,,,,,30.0,4.0,10.0,100.0,,,,
3,Random Forest,0.6737260402057036,40,,,,,,,,,30.0,4.0,10.0,200.0,,,,
3,Random Forest,0.67807386629266,35,,,,,,,,,30.0,4.0,10.0,500.0,,,,
4,XGBoost,0.9243571762505844,3,,,,,,,,,3.0,,,100.0,0.7,0.01,21.19222462203024,0.7
4,XGBoost,0.9308555399719495,1,,,,0.8836123005060335,0.9663172665587342,0.8836123005060335,0.9135457531865707,0.9074134199134198,3.0,,,100.0,0.7,0.01,21.19222462203024,0.8
4,XGBoost,0.9221598877980364,4,,,,,,,,,3.0,,,100.0,0.7,0.01,21.19222462203024,1.0
4,XGBoost,0.9200093501636278,6,,,,,,,,,3.0,,,200.0,0.7,0.01,21.19222462203024,0.7
4,XGBoost,0.9200093501636278,6,,,,,,,,,3.0,,,200.0,0.7,0.01,21.19222462203024,0.8
4,XGBoost,0.9178588125292192,11,,,,,,,,,3.0,,,200.0,0.7,0.01,21.19222462203024,1.0
4,XGBoost,0.9048620850864889,21,,,,,,,,,3.0,,,500.0,0.7,0.01,21.19222462203024,0.7
4,XGBoost,0.9070359981299673,19,,,,,,,,,3.0,,,500.0,0.7,0.01,21.19222462203024,0.8
4,XGBoost,0.9048620850864889,21,,,,,,,,,3.0,,,500.0,0.7,0.01,21.19222462203024,1.0
4,XGBoost,0.8595371669004207,39,,,,,,,,,6.0,,,100.0,0.7,0.01,21.19222462203024,0.7
4,XGBoost,0.86164095371669,38,,,,,,,,,6.0,,,100.0,0.7,0.01,21.19222462203024,0.8
4,XGBoost,0.8638148667601684,37,,,,,,,,,6.0,,,100.0,0.7,0.01,21.19222462203024,1.0
4,XGBoost,0.8573398784478728,40,,,,,,,,,6.0,,,200.0,0.7,0.01,21.19222462203024,0.7
4,XGBoost,0.8508415147265078,42,,,,,,,,,6.0,,,200.0,0.7,0.01,21.19222462203024,0.8
4,XGBoost,0.8443431510051426,46,,,,,,,,,6.0,,,200.0,0.7,0.01,21.19222462203024,1.0
4,XGBoost,0.8292426367461431,63,,,,,,,,,6.0,,,500.0,0.7,0.01,21.19222462203024,0.7
4,XGBoost,0.8184431977559609,73,,,,,,,,,6.0,,,500.0,0.7,0.01,21.19222462203024,0.8
4,XGBoost,0.8033894343151007,80,,,,,,,,,6.0,,,500.0,0.7,0.01,21.19222462203024,1.0
4,XGBoost,0.7666900420757363,82,,,,,,,,,10.0,,,100.0,0.7,0.01,21.19222462203024,0.7
4,XGBoost,0.7645161290322582,84,,,,,,,,,10.0,,,100.0,0.7,0.01,21.19222462203024,0.8
4,XGBoost,0.7494156147732586,94,,,,,,,,,10.0,,,100.0,0.7,0.01,21.19222462203024,1.0
4,XGBoost,0.7472417017297804,95,,,,,,,,,10.0,,,200.0,0.7,0.01,21.19222462203024,0.7
4,XGBoost,0.7342917251051894,109,,,,,,,,,10.0,,,200.0,0.7,0.01,21.19222462203024,0.8
4,XGBoost,0.7148433847592333,119,,,,,,,,,10.0,,,200.0,0.7,0.01,21.19222462203024,1.0
4,XGBoost,0.7083450210378682,123,,,,,,,,,10.0,,,500.0,0.7,0.01,21.19222462203024,0.7
4,XGBoost,0.6867227676484339,132,,,,,,,,,10.0,,,500.0,0.7,0.01,21.19222462203024,0.8
4,XGBoost,0.6651005142589994,139,,,,,,,,,10.0,,,500.0,0.7,0.01,21.19222462203024,1.0
4,XGBoost,0.8745909303412811,35,,,,,,,,,3.0,,,100.0,0.7,0.1,21.19222462203024,0.7
4,XGBoost,0.887540906965872,30,,,,,,,,,3.0,,,100.0,0.7,0.1,21.19222462203024,0.8
4,XGBoost,0.8896680691912108,29,,,,,,,,,3.0,,,100.0,0.7,0.1,21.19222462203024,1.0
4,XGBoost,0.8269985974754558,66,,,,,,,,,3.0,,,200.0,0.7,0.1,21.19222462203024,0.7
4,XGBoost,0.8334735857877513,57,,,,,,,,,3.0,,,200.0,0.7,0.1,21.19222462203024,0.8
4,XGBoost,0.8399485741000469,48,,,,,,,,,3.0,,,200.0,0.7,0.1,21.19222462203024,1.0
4,XGBoost,0.7105189340813464,122,,,,,,,,,3.0,,,500.0,0.7,0.1,21.19222462203024,0.7
4,XGBoost,0.7126227208976157,121,,,,,,,,,3.0,,,500.0,0.7,0.1,21.19222462203024,0.8
4,XGBoost,0.7600748013090228,88,,,,,,,,,3.0,,,500.0,0.7,0.1,21.19222462203024,1.0
4,XGBoost,0.7384992987377279,104,,,,,,,,,6.0,,,100.0,0.7,0.1,21.19222462203024,0.7
4,XGBoost,0.7342215988779804,110,,,,,,,,,6.0,,,100.0,0.7,0.1,21.19222462203024,0.8
4,XGBoost,0.7428237494156148,98,,,,,,,,,6.0,,,100.0,0.7,0.1,21.19222462203024,1.0
4,XGBoost,0.6435951379149134,152,,,,,,,,,6.0,,,200.0,0.7,0.1,21.19222462203024,0.7
4,XGBoost,0.6370266479663395,161,,,,,,,,,6.0,,,200.0,0.7,0.1,21.19222462203024,0.8
4,XGBoost,0.671575502571295,137,,,,,,,,,6.0,,,200.0,0.7,0.1,21.19222462203024,1.0
4,XGBoost,0.5875642823749415,225,,,,,,,,,6.0,,,500.0,0.7,0.1,21.19222462203024,0.7
4,XGBoost,0.585343618513324,228,,,,,,,,,6.0,,,500.0,0.7,0.1,21.19222462203024,0.8
4,XGBoost,0.6025946704067321,198,,,,,,,,,6.0,,,500.0,0.7,0.1,21.19222462203024,1.0
4,XGBoost,0.6457223001402523,150,,,,,,,,,10.0,,,100.0,0.7,0.1,21.19222462203024,0.7
4,XGBoost,0.6413510986442261,155,,,,,,,,,10.0,,,100.0,0.7,0.1,21.19222462203024,0.8
4,XGBoost,0.6175549322113136,176,,,,,,,,,10.0,,,100.0,0.7,0.1,21.19222462203024,1.0
4,XGBoost,0.6111266947171575,182,,,,,,,,,10.0,,,200.0,0.7,0.1,21.19222462203024,0.7
4,XGBoost,0.6047452080411407,195,,,,,,,,,10.0,,,200.0,0.7,0.1,21.19222462203024,0.8
4,XGBoost,0.6068256194483403,191,,,,,,,,,10.0,,,200.0,0.7,0.1,21.19222462203024,1.0
4,XGBoost,0.5895511921458625,224,,,,,,,,,10.0,,,500.0,0.7,0.1,21.19222462203024,0.7
4,XGBoost,0.5766947171575503,237,,,,,,,,,10.0,,,500.0,0.7,0.1,21.19222462203024,0.8
4,XGBoost,0.5917017297802711,220,,,,,,,,,10.0,,,500.0,0.7,0.1,21.19222462203024,1.0
4,XGBoost,0.8227910238429172,70,,,,,,,,,3.0,,,100.0,0.7,0.2,21.19222462203024,0.7
4,XGBoost,0.8377512856474988,52,,,,,,,,,3.0,,,100.0,0.7,0.2,21.19222462203024,0.8
4,XGBoost,0.8334735857877513,57,,,,,,,,,3.0,,,100.0,0.7,0.2,21.19222462203024,1.0
4,XGBoost,0.7557971014492754,91,,,,,,,,,3.0,,,200.0,0.7,0.2,21.19222462203024,0.7
4,XGBoost,0.751449275362319,93,,,,,,,,,3.0,,,200.0,0.7,0.2,21.19222462203024,0.8
4,XGBoost,0.762201963534362,86,,,,,,,,,3.0,,,200.0,0.7,0.2,21.19222462203024,1.0
4,XGBoost,0.615474520804114,177,,,,,,,,,3.0,,,500.0,0.7,0.2,21.19222462203024,0.7
4,XGBoost,0.6305750350631136,164,,,,,,,,,3.0,,,500.0,0.7,0.2,21.19222462203024,0.8
4,XGBoost,0.626297335203366,170,,,,,,,,,3.0,,,500.0,0.7,0.2,21.19222462203024,1.0
4,XGBoost,0.6392706872370267,156,,,,,,,,,6.0,,,100.0,0.7,0.2,21.19222462203024,0.7
4,XGBoost,0.6415147265077138,154,,,,,,,,,6.0,,,100.0,0.7,0.2,21.19222462203024,0.8
4,XGBoost,0.6672978027115475,138,,,,,,,,,6.0,,,100.0,0.7,0.2,21.19222462203024,1.0
4,XGBoost,0.6003740065451144,204,,,,,,,,,6.0,,,200.0,0.7,0.2,21.19222462203024,0.7
4,XGBoost,0.5961430575035063,207,,,,,,,,,6.0,,,200.0,0.7,0.2,21.19222462203024,0.8
4,XGBoost,0.6327723235156615,163,,,,,,,,,6.0,,,200.0,0.7,0.2,21.19222462203024,1.0
4,XGBoost,0.5853202431042542,230,,,,,,,,,6.0,,,500.0,0.7,0.2,21.19222462203024,0.7
4,XGBoost,0.5659186535764376,241,,,,,,,,,6.0,,,500.0,0.7,0.2,21.19222462203024,0.8
4,XGBoost,0.593969144460028,211,,,,,,,,,6.0,,,500.0,0.7,0.2,21.19222462203024,1.0
4,XGBoost,0.6025946704067321,198,,,,,,,,,10.0,,,100.0,0.7,0.2,21.19222462203024,0.7
4,XGBoost,0.6220430107526882,172,,,,,,,,,10.0,,,100.0,0.7,0.2,21.19222462203024,0.8
4,XGBoost,0.6068256194483403,191,,,,,,,,,10.0,,,100.0,0.7,0.2,21.19222462203024,1.0
4,XGBoost,0.5788452547919588,234,,,,,,,,,10.0,,,200.0,0.7,0.2,21.19222462203024,0.7
4,XGBoost,0.6026414212248714,196,,,,,,,,,10.0,,,200.0,0.7,0.2,21.19222462203024,0.8
4,XGBoost,0.5960495558672276,210,,,,,,,,,10.0,,,200.0,0.7,0.2,21.19222462203024,1.0
4,XGBoost,0.5637447405329593,242,,,,,,,,,10.0,,,500.0,0.7,0.2,21.19222462203024,0.7
4,XGBoost,0.5918186068256194,216,,,,,,,,,10.0,,,500.0,0.7,0.2,21.19222462203024,0.8
4,XGBoost,0.5917718560074801,218,,,,,,,,,10.0,,,500.0,0.7,0.2,21.19222462203024,1.0
4,XGBoost,0.9286816269284712,2,,,,,,,,,3.0,,,100.0,0.8,0.01,21.19222462203024,0.7
4,XGBoost,0.9221598877980364,4,,,,,,,,,3.0,,,100.0,0.8,0.01,21.19222462203024,0.8
4,XGBoost,0.9091865357643758,17,,,,,,,,,3.0,,,100.0,0.8,0.01,21.19222462203024,1.0
4,XGBoost,0.9178588125292192,11,,,,,,,,,3.0,,,200.0,0.8,0.01,21.19222462203024,0.7
4,XGBoost,0.9200093501636278,6,,,,,,,,,3.0,,,200.0,0.8,0.01,21.19222462203024,0.8
4,XGBoost,0.9157316503038804,14,,,,,,,,,3.0,,,200.0,0.8,0.01,21.19222462203024,1.0
4,XGBoost,0.9048854604955586,20,,,,,,,,,3.0,,,500.0,0.8,0.01,21.19222462203024,0.7
4,XGBoost,0.9005376344086022,26,,,,,,,,,3.0,,,500.0,0.8,0.01,21.19222462203024,0.8
4,XGBoost,0.9048620850864889,21,,,,,,,,,3.0,,,500.0,0.8,0.01,21.19222462203024,1.0
4,XGBoost,0.850888265544647,41,,,,,,,,,6.0,,,100.0,0.8,0.01,21.19222462203024,0.7
4,XGBoost,0.8443665264142123,45,,,,,,,,,6.0,,,100.0,0.8,0.01,21.19222462203024,0.8
4,XGBoost,0.8444132772323515,44,,,,,,,,,6.0,,,100.0,0.8,0.01,21.19222462203024,1.0
4,XGBoost,0.8465404394576905,43,,,,,,,,,6.0,,,200.0,0.8,0.01,21.19222462203024,0.7
4,XGBoost,0.8378915381019167,49,,,,,,,,,6.0,,,200.0,0.8,0.01,21.19222462203024,0.8
4,XGBoost,0.8292893875642824,62,,,,,,,,,6.0,,,200.0,0.8,0.01,21.19222462203024,1.0
4,XGBoost,0.8270687237026648,64,,,,,,,,,6.0,,,500.0,0.8,0.01,21.19222462203024,0.7
4,XGBoost,0.811991584852735,77,,,,,,,,,6.0,,,500.0,0.8,0.01,21.19222462203024,0.8
4,XGBoost,0.8055165965404395,79,,,,,,,,,6.0,,,500.0,0.8,0.01,21.19222462203024,1.0
4,XGBoost,0.7623655913978495,85,,,,,,,,,10.0,,,100.0,0.8,0.01,21.19222462203024,0.7
4,XGBoost,0.7579943899018234,89,,,,,,,,,10.0,,,100.0,0.8,0.01,21.19222462203024,0.8
4,XGBoost,0.7472417017297804,95,,,,,,,,,10.0,,,100.0,0.8,0.01,21.19222462203024,1.0
4,XGBoost,0.7537400654511455,92,,,,,,,,,10.0,,,200.0,0.8,0.01,21.19222462203024,0.7
4,XGBoost,0.7451379149135111,97,,,,,,,,,10.0,,,200.0,0.8,0.01,21.19222462203024,0.8
4,XGBoost,0.7213884992987378,117,,,,,,,,,10.0,,,200.0,0.8,0.01,21.19222462203024,1.0
4,XGBoost,0.7083450210378682,123,,,,,,,,,10.0,,,500.0,0.8,0.01,21.19222462203024,0.7
4,XGBoost,0.6889434315100514,130,,,,,,,,,10.0,,,500.0,0.8,0.01,21.19222462203024,0.8
4,XGBoost,0.6780972417017297,134,,,,,,,,,10.0,,,500.0,0.8,0.01,21.19222462203024,1.0
4,XGBoost,0.8766947171575502,34,,,,,,,,,3.0,,,100.0,0.8,0.1,21.19222462203024,0.7
4,XGBoost,0.8853669939223936,31,,,,,,,,,3.0,,,100.0,0.8,0.1,21.19222462203024,0.8
4,XGBoost,0.8918653576437588,28,,,,,,,,,3.0,,,100.0,0.8,0.1,21.19222462203024,1.0
4,XGBoost,0.822744273024778,71,,,,,,,,,3.0,,,200.0,0.8,0.1,21.19222462203024,0.7
4,XGBoost,0.8313931743805517,60,,,,,,,,,3.0,,,200.0,0.8,0.1,21.19222462203024,0.8
4,XGBoost,0.8356942496493689,55,,,,,,,,,3.0,,,200.0,0.8,0.1,21.19222462203024,1.0
4,XGBoost,0.6953716690042075,129,,,,,,,,,3.0,,,500.0,0.8,0.1,21.19222462203024,0.7
4,XGBoost,0.7191912108461898,118,,,,,,,,,3.0,,,500.0,0.8,0.1,21.19222462203024,0.8
4,XGBoost,0.740696587190276,100,,,,,,,,,3.0,,,500.0,0.8,0.1,21.19222462203024,1.0
4,XGBoost,0.7320476858345021,111,,,,,,,,,6.0,,,100.0,0.8,0.1,21.19222462203024,0.7
4,XGBoost,0.736442262739598,107,,,,,,,,,6.0,,,100.0,0.8,0.1,21.19222462203024,0.8
4,XGBoost,0.7384992987377279,104,,,,,,,,,6.0,,,100.0,0.8,0.1,21.19222462203024,1.0
4,XGBoost,0.6370733987844787,159,,,,,,,,,6.0,,,200.0,0.8,0.1,21.19222462203024,0.7
4,XGBoost,0.6456755493221131,151,,,,,,,,,6.0,,,200.0,0.8,0.1,21.19222462203024,0.8
4,XGBoost,0.6737026647966339,135,,,,,,,,,6.0,,,200.0,0.8,0.1,21.19222462203024,1.0
4,XGBoost,0.5896446937821411,221,,,,,,,,,6.0,,,500.0,0.8,0.1,21.19222462203024,0.7
4,XGBoost,0.5918419822346891,215,,,,,,,,,6.0,,,500.0,0.8,0.1,21.19222462203024,0.8
4,XGBoost,0.6003973819541841,203,,,,,,,,,6.0,,,500.0,0.8,0.1,21.19222462203024,1.0
4,XGBoost,0.656498363721365,143,,,,,,,,,10.0,,,100.0,0.8,0.1,21.19222462203024,0.7
4,XGBoost,0.637050023375409,160,,,,,,,,,10.0,,,100.0,0.8,0.1,21.19222462203024,0.8
4,XGBoost,0.6305516596540439,166,,,,,,,,,10.0,,,100.0,0.8,0.1,21.19222462203024,1.0
4,XGBoost,0.6263440860215054,169,,,,,,,,,10.0,,,200.0,0.8,0.1,21.19222462203024,0.7
4,XGBoost,0.6068022440392706,193,,,,,,,,,10.0,,,200.0,0.8,0.1,21.19222462203024,0.8
4,XGBoost,0.6111266947171575,182,,,,,,,,,10.0,,,200.0,0.8,0.1,21.19222462203024,1.0
4,XGBoost,0.5939457690509584,212,,,,,,,,,10.0,,,500.0,0.8,0.1,21.19222462203024,0.7
4,XGBoost,0.5981767180925666,206,,,,,,,,,10.0,,,500.0,0.8,0.1,21.19222462203024,0.8
4,XGBoost,0.5895979429640018,223,,,,,,,,,10.0,,,500.0,0.8,0.1,21.19222462203024,1.0
4,XGBoost,0.8183964469378214,74,,,,,,,,,3.0,,,100.0,0.8,0.2,21.19222462203024,0.7
4,XGBoost,0.8335203366058905,56,,,,,,,,,3.0,,,100.0,0.8,0.2,21.19222462203024,0.8
4,XGBoost,0.8377980364656382,51,,,,,,,,,3.0,,,100.0,0.8,0.2,21.19222462203024,1.0
4,XGBoost,0.725549322113137,115,,,,,,,,,3.0,,,200.0,0.8,0.2,21.19222462203024,0.7
4,XGBoost,0.7233987844787284,116,,,,,,,,,3.0,,,200.0,0.8,0.2,21.19222462203024,0.8
4,XGBoost,0.7665264142122487,83,,,,,,,,,3.0,,,200.0,0.8,0.2,21.19222462203024,1.0
4,XGBoost,0.6090696587190276,185,,,,,,,,,3.0,,,500.0,0.8,0.2,21.19222462203024,0.7
4,XGBoost,0.6047685834502103,194,,,,,,,,,3.0,,,500.0,0.8,0.2,21.19222462203024,0.8
4,XGBoost,0.6478728377746611,148,,,,,,,,,3.0,,,500.0,0.8,0.2,21.19222462203024,1.0
4,XGBoost,0.649929873772791,147,,,,,,,,,6.0,,,100.0,0.8,0.2,21.19222462203024,0.7
4,XGBoost,0.6304581580177653,167,,,,,,,,,6.0,,,100.0,0.8,0.2,21.19222462203024,0.8
4,XGBoost,0.6544179523141654,145,,,,,,,,,6.0,,,100.0,0.8,0.2,21.19222462203024,1.0
4,XGBoost,0.596096306685367,209,,,,,,,,,6.0,,,200.0,0.8,0.2,21.19222462203024,0.7
4,XGBoost,0.6111033193080878,184,,,,,,,,,6.0,,,200.0,0.8,0.2,21.19222462203024,0.8
4,XGBoost,0.6068957456755493,188,,,,,,,,,6.0,,,200.0,0.8,0.2,21.19222462203024,1.0
4,XGBoost,0.5788452547919588,234,,,,,,,,,6.0,,,500.0,0.8,0.2,21.19222462203024,0.7
4,XGBoost,0.5787985039738195,236,,,,,,,,,6.0,,,500.0,0.8,0.2,21.19222462203024,0.8
4,XGBoost,0.574520804114072,239,,,,,,,,,6.0,,,500.0,0.8,0.2,21.19222462203024,1.0
4,XGBoost,0.5939223936418887,214,,,,,,,,,10.0,,,100.0,0.8,0.2,21.19222462203024,0.7
4,XGBoost,0.6177185600748013,174,,,,,,,,,10.0,,,100.0,0.8,0.2,21.19222462203024,0.8
4,XGBoost,0.6026414212248714,196,,,,,,,,,10.0,,,100.0,0.8,0.2,21.19222462203024,1.0
4,XGBoost,0.5809724170172978,233,,,,,,,,,10.0,,,200.0,0.8,0.2,21.19222462203024,0.7
4,XGBoost,0.6068957456755493,188,,,,,,,,,10.0,,,200.0,0.8,0.2,21.19222462203024,0.8
4,XGBoost,0.585343618513324,228,,,,,,,,,10.0,,,200.0,0.8,0.2,21.19222462203024,1.0
4,XGBoost,0.5593735390369331,243,,,,,,,,,10.0,,,500.0,0.8,0.2,21.19222462203024,0.7
4,XGBoost,0.5896213183730714,222,,,,,,,,,10.0,,,500.0,0.8,0.2,21.19222462203024,0.8
4,XGBoost,0.5810659186535764,232,,,,,,,,,10.0,,,500.0,0.8,0.2,21.19222462203024,1.0
4,XGBoost,0.9200093501636278,6,,,,,,,,,3.0,,,100.0,1.0,0.01,21.19222462203024,0.7
4,XGBoost,0.9200093501636278,6,,,,,,,,,3.0,,,100.0,1.0,0.01,21.19222462203024,0.8
4,XGBoost,0.9091631603553061,18,,,,,,,,,3.0,,,100.0,1.0,0.01,21.19222462203024,1.0
4,XGBoost,0.9135343618513325,16,,,,,,,,,3.0,,,200.0,1.0,0.01,21.19222462203024,0.7
4,XGBoost,0.913557737260402,15,,,,,,,,,3.0,,,200.0,1.0,0.01,21.19222462203024,0.8
4,XGBoost,0.9178588125292192,11,,,,,,,,,3.0,,,200.0,1.0,0.01,21.19222462203024,1.0
4,XGBoost,0.9027349228611501,25,,,,,,,,,3.0,,,500.0,1.0,0.01,21.19222462203024,0.7
4,XGBoost,0.9005376344086022,26,,,,,,,,,3.0,,,500.0,1.0,0.01,21.19222462203024,0.8
4,XGBoost,0.9048620850864889,21,,,,,,,,,3.0,,,500.0,1.0,0.01,21.19222462203024,1.0
4,XGBoost,0.842262739597943,47,,,,,,,,,6.0,,,100.0,1.0,0.01,21.19222462203024,0.7
4,XGBoost,0.8378681626928473,50,,,,,,,,,6.0,,,100.0,1.0,0.01,21.19222462203024,0.8
4,XGBoost,0.8314633006077606,59,,,,,,,,,6.0,,,100.0,1.0,0.01,21.19222462203024,1.0
4,XGBoost,0.8357643758765778,54,,,,,,,,,6.0,,,200.0,1.0,0.01,21.19222462203024,0.7
4,XGBoost,0.8357877512856475,53,,,,,,,,,6.0,,,200.0,1.0,0.01,21.19222462203024,0.8
4,XGBoost,0.8163394109396915,76,,,,,,,,,6.0,,,200.0,1.0,0.01,21.19222462203024,1.0
4,XGBoost,0.8205937353903694,72,,,,,,,,,6.0,,,500.0,1.0,0.01,21.19222462203024,0.7
4,XGBoost,0.8076905095839179,78,,,,,,,,,6.0,,,500.0,1.0,0.01,21.19222462203024,0.8
4,XGBoost,0.7969144460028051,81,,,,,,,,,6.0,,,500.0,1.0,0.01,21.19222462203024,1.0
4,XGBoost,0.7601683029453016,87,,,,,,,,,10.0,,,100.0,1.0,0.01,21.19222462203024,0.7
4,XGBoost,0.740696587190276,100,,,,,,,,,10.0,,,100.0,1.0,0.01,21.19222462203024,0.8
4,XGBoost,0.7147732585320243,120,,,,,,,,,10.0,,,100.0,1.0,0.01,21.19222462203024,1.0
4,XGBoost,0.7407433380084152,99,,,,,,,,,10.0,,,200.0,1.0,0.01,21.19222462203024,0.7
4,XGBoost,0.729943899018233,113,,,,,,,,,10.0,,,200.0,1.0,0.01,21.19222462203024,0.8
4,XGBoost,0.7018934081346423,125,,,,,,,,,10.0,,,200.0,1.0,0.01,21.19222462203024,1.0
4,XGBoost,0.688896680691912,131,,,,,,,,,10.0,,,500.0,1.0,0.01,21.19222462203024,0.7
4,XGBoost,0.6976157082748948,127,,,,,,,,,10.0,,,500.0,1.0,0.01,21.19222462203024,0.8
4,XGBoost,0.680341280972417,133,,,,,,,,,10.0,,,500.0,1.0,0.01,21.19222462203024,1.0
4,XGBoost,0.8745909303412809,36,,,,,,,,,3.0,,,100.0,1.0,0.1,21.19222462203024,0.7
4,XGBoost,0.8810659186535764,33,,,,,,,,,3.0,,,100.0,1.0,0.1,21.19222462203024,0.8
4,XGBoost,0.8831930808789155,32,,,,,,,,,3.0,,,100.0,1.0,0.1,21.19222462203024,1.0
4,XGBoost,0.831369798971482,61,,,,,,,,,3.0,,,200.0,1.0,0.1,21.19222462203024,0.7
4,XGBoost,0.8270453482935952,65,,,,,,,,,3.0,,,200.0,1.0,0.1,21.19222462203024,0.8
4,XGBoost,0.8249415614773259,67,,,,,,,,,3.0,,,200.0,1.0,0.1,21.19222462203024,1.0
4,XGBoost,0.6997428705002336,126,,,,,,,,,3.0,,,500.0,1.0,0.1,21.19222462203024,0.7
4,XGBoost,0.6953950444132773,128,,,,,,,,,3.0,,,500.0,1.0,0.1,21.19222462203024,0.8
4,XGBoost,0.740696587190276,100,,,,,,,,,3.0,,,500.0,1.0,0.1,21.19222462203024,1.0
4,XGBoost,0.7364656381486675,106,,,,,,,,,6.0,,,100.0,1.0,0.1,21.19222462203024,0.7
4,XGBoost,0.7299672744273025,112,,,,,,,,,6.0,,,100.0,1.0,0.1,21.19222462203024,0.8
4,XGBoost,0.7343618513323982,108,,,,,,,,,6.0,,,100.0,1.0,0.1,21.19222462203024,1.0
4,XGBoost,0.6392706872370267,156,,,,,,,,,6.0,,,200.0,1.0,0.1,21.19222462203024,0.7
4,XGBoost,0.6565451145395045,142,,,,,,,,,6.0,,,200.0,1.0,0.1,21.19222462203024,0.8
4,XGBoost,0.6716690042075737,136,,,,,,,,,6.0,,,200.0,1.0,0.1,21.19222462203024,1.0
4,XGBoost,0.6025946704067321,198,,,,,,,,,6.0,,,500.0,1.0,0.1,21.19222462203024,0.7
4,XGBoost,0.6068957456755493,188,,,,,,,,,6.0,,,500.0,1.0,0.1,21.19222462203024,0.8
4,XGBoost,0.5939457690509584,212,,,,,,,,,6.0,,,500.0,1.0,0.1,21.19222462203024,1.0
4,XGBoost,0.6543712014960261,146,,,,,,,,,10.0,,,100.0,1.0,0.1,21.19222462203024,0.7
4,XGBoost,0.656498363721365,143,,,,,,,,,10.0,,,100.0,1.0,0.1,21.19222462203024,0.8
4,XGBoost,0.6458625525946704,149,,,,,,,,,10.0,,,100.0,1.0,0.1,21.19222462203024,1.0
4,XGBoost,0.6305750350631136,164,,,,,,,,,10.0,,,200.0,1.0,0.1,21.19222462203024,0.7
4,XGBoost,0.6241467975689574,171,,,,,,,,,10.0,,,200.0,1.0,0.1,21.19222462203024,0.8
4,XGBoost,0.6199158485273493,173,,,,,,,,,10.0,,,200.0,1.0,0.1,21.19222462203024,1.0
4,XGBoost,0.615474520804114,177,,,,,,,,,10.0,,,500.0,1.0,0.1,21.19222462203024,0.7
4,XGBoost,0.5961430575035063,207,,,,,,,,,10.0,,,500.0,1.0,0.1,21.19222462203024,0.8
4,XGBoost,0.5982935951379149,205,,,,,,,,,10.0,,,500.0,1.0,0.1,21.19222462203024,1.0
4,XGBoost,0.8248480598410473,68,,,,,,,,,3.0,,,100.0,1.0,0.2,21.19222462203024,0.7
4,XGBoost,0.8248480598410473,68,,,,,,,,,3.0,,,100.0,1.0,0.2,21.19222462203024,0.8
4,XGBoost,0.8183964469378214,74,,,,,,,,,3.0,,,100.0,1.0,0.2,21.19222462203024,1.0
4,XGBoost,0.7385928003740065,103,,,,,,,,,3.0,,,200.0,1.0,0.2,21.19222462203024,0.7
4,XGBoost,0.7298503973819542,114,,,,,,,,,3.0,,,200.0,1.0,0.2,21.19222462203024,0.8
4,XGBoost,0.7579943899018234,89,,,,,,,,,3.0,,,200.0,1.0,0.2,21.19222462203024,1.0
4,XGBoost,0.6176484338475923,175,,,,,,,,,3.0,,,500.0,1.0,0.2,21.19222462203024,0.7
4,XGBoost,0.6025011687704535,202,,,,,,,,,3.0,,,500.0,1.0,0.2,21.19222462203024,0.8
4,XGBoost,0.6284712482468443,168,,,,,,,,,3.0,,,500.0,1.0,0.2,21.19222462203024,1.0
4,XGBoost,0.639247311827957,158,,,,,,,,,6.0,,,100.0,1.0,0.2,21.19222462203024,0.7
4,XGBoost,0.658765778401122,141,,,,,,,,,6.0,,,100.0,1.0,0.2,21.19222462203024,0.8
4,XGBoost,0.660822814399252,140,,,,,,,,,6.0,,,100.0,1.0,0.2,21.19222462203024,1.0
4,XGBoost,0.6112201963534362,179,,,,,,,,,6.0,,,200.0,1.0,0.2,21.19222462203024,0.7
4,XGBoost,0.6111500701262272,181,,,,,,,,,6.0,,,200.0,1.0,0.2,21.19222462203024,0.8
4,XGBoost,0.6090696587190276,185,,,,,,,,,6.0,,,200.0,1.0,0.2,21.19222462203024,1.0
4,XGBoost,0.5745441795231416,238,,,,,,,,,6.0,,,500.0,1.0,0.2,21.19222462203024,0.7
4,XGBoost,0.5917484805984105,219,,,,,,,,,6.0,,,500.0,1.0,0.2,21.19222462203024,0.8
4,XGBoost,0.5917952314165499,217,,,,,,,,,6.0,,,500.0,1.0,0.2,21.19222462203024,1.0
4,XGBoost,0.6435483870967742,153,,,,,,,,,10.0,,,100.0,1.0,0.2,21.19222462203024,0.7
4,XGBoost,0.6025245441795231,201,,,,,,,,,10.0,,,100.0,1.0,0.2,21.19222462203024,0.8
4,XGBoost,0.6111968209443666,180,,,,,,,,,10.0,,,100.0,1.0,0.2,21.19222462203024,1.0
4,XGBoost,0.6327956989247311,162,,,,,,,,,10.0,,,200.0,1.0,0.2,21.19222462203024,0.7
4,XGBoost,0.5831697054698457,231,,,,,,,,,10.0,,,200.0,1.0,0.2,21.19222462203024,0.8
4,XGBoost,0.5875175315568022,226,,,,,,,,,10.0,,,200.0,1.0,0.2,21.19222462203024,1.0
4,XGBoost,0.6090229079008882,187,,,,,,,,,10.0,,,500.0,1.0,0.2,21.19222462203024,0.7
4,XGBoost,0.5723702664796634,240,,,,,,,,,10.0,,,500.0,1.0,0.2,21.19222462203024,0.8
4,XGBoost,0.5874941561477326,227,,,,,,,,,10.0,,,500.0,1.0,0.2,21.19222462203024,1.0
